{"Dummy": {"accuracy": 0.6766666666666666, "f1": 0.0, "roc_auc": 0.5}, "LogisticRegression": {"accuracy": 0.8275, "f1": 0.7076271186440678, "roc_auc": 0.8746905312071505}, "DecisionTree": {"accuracy": 0.8766666666666667, "f1": 0.8, "roc_auc": 0.9069205157178407}, "RandomForest": {"accuracy": 0.9270833333333334, "f1": 0.8816768086544963, "roc_auc": 0.9665023837032147}, "GradientBoosting": {"accuracy": 0.9291666666666667, "f1": 0.8868175765645806, "roc_auc": 0.9689348877659846}}